{
  "x": -168.53072139575127,
  "y": 81.00994497306459,
  "z": 46.28198180813902,
  "yaw": 0,
  "pitch": 0,
  "flags": 24,
  "teleportId": 3
}