{
  "soundId": 631,
  "soundCategory": "player",
  "x": -332,
  "y": 528,
  "z": -68,
  "volume": 0.20000000298023224,
  "pitch": 2.9571285247802734,
  "seed": [
    1411670749,
    1384093087
  ]
}