{
  "soundId": 631,
  "soundCategory": "player",
  "x": -332,
  "y": 528,
  "z": -68,
  "volume": 0.20000000298023224,
  "pitch": 1.8032474517822266,
  "seed": [
    1979049306,
    2084669641
  ]
}