{
  "soundId": 631,
  "soundCategory": "player",
  "x": -308,
  "y": 608,
  "z": -156,
  "volume": 0.20000000298023224,
  "pitch": 3.2055649757385254,
  "seed": [
    -1433839810,
    1819022538
  ]
}