{
  "soundId": 401,
  "soundCategory": 7,
  "x": -540,
  "y": 544,
  "z": 828,
  "volume": 0.20000000298023224,
  "pitch": 1.6170578002929688
}