{
  "soundId": 401,
  "soundCategory": 7,
  "x": -468,
  "y": 560,
  "z": 884,
  "volume": 0.20000000298023224,
  "pitch": 3.0130982398986816
}