{
  "x": 212.46480145715395,
  "y": 66.47951752102388,
  "z": -173.50849880155,
  "yaw": 0,
  "pitch": 0,
  "flags": 0,
  "teleportId": 3
}