{
  "flags": 0,
  "flyingSpeed": 0.05000000074505806,
  "walkingSpeed": 0.10000000149011612
}