{
  "entityId": 4,
  "x": -167.0416518973411,
  "y": 80.20000000298023,
  "z": 63.12499483938475,
  "yaw": 13,
  "pitch": 0,
  "onGround": false
}