{
  "entityId": 149,
  "x": -131.64095000321268,
  "y": -19,
  "z": 60.35904999678731,
  "yaw": 96,
  "pitch": 0,
  "onGround": true
}