{
  "entityId": 151,
  "x": -136.45904999827744,
  "y": 4,
  "z": 36.35904999678731,
  "yaw": 123,
  "pitch": 0,
  "onGround": true
}