{
  "entityId": 6,
  "x": -216.20000000298023,
  "y": 85,
  "z": 70.3073415212953,
  "yaw": -52,
  "pitch": 0,
  "onGround": true
}