{
  "soundId": 541,
  "soundCategory": 7,
  "x": 444,
  "y": 552,
  "z": 5052,
  "volume": 0.20000000298023224,
  "pitch": 1.7610234022140503
}