{
  "soundId": 541,
  "soundCategory": 7,
  "x": 404,
  "y": 552,
  "z": 5068,
  "volume": 0.20000000298023224,
  "pitch": 1.0619492530822754
}