{
  "entityId": 61,
  "objectUUID": "ca5c39aa-076f-4ff5-9a10-3455a5a04cbb",
  "type": 72,
  "x": -268.9566855549578,
  "y": 64,
  "z": 123.04331029044938,
  "pitch": 0,
  "yaw": -32,
  "headPitch": -80,
  "objectData": 0,
  "velocityX": 189,
  "velocityY": -627,
  "velocityZ": 189
}