{
  "x": 41.492981990865005,
  "y": 63.48697214237014,
  "z": -218.52463175391807,
  "yaw": 0,
  "pitch": 0,
  "flags": 0,
  "teleportId": 3
}