{
  "x": -67.48171842020452,
  "y": 69.40967664490603,
  "z": 109.38152923237797,
  "yaw": 0,
  "pitch": 0,
  "flags": 0,
  "teleportId": 3
}