{
  "soundId": 286,
  "soundCategory": 7,
  "x": -1708,
  "y": 576,
  "z": 2060,
  "volume": 0.20000000298023224,
  "pitch": 2.0140304565429688
}