{
  "soundId": 286,
  "soundCategory": 7,
  "x": -1828,
  "y": 544,
  "z": 1988,
  "volume": 0.20000000298023224,
  "pitch": 1.6164844036102295
}