{
  "soundId": 342,
  "soundCategory": 7,
  "x": 1700,
  "y": 520,
  "z": -1412,
  "volume": 0.20000000298023224,
  "pitch": 2.1013152599334717
}