{
  "entityId": 83,
  "objectUUID": "1c194ef4-d1ac-4d02-a612-2ddff6711d0a",
  "type": 71,
  "x": -116.69949950253368,
  "y": 63,
  "z": 88.24991421152491,
  "pitch": 0,
  "yaw": -65,
  "headPitch": -65,
  "objectData": 0,
  "velocityX": 0,
  "velocityY": -627,
  "velocityZ": 0
}