{
  "entityId": 82,
  "objectUUID": "3a168801-9f8d-4434-bc23-ec27c3f9dc46",
  "type": 71,
  "x": -118.30989248008905,
  "y": 63,
  "z": 84.48971627309373,
  "pitch": 0,
  "yaw": 37,
  "headPitch": 11,
  "objectData": 0,
  "velocityX": -851,
  "velocityY": -627,
  "velocityZ": -24
}