{
  "particleId": 4,
  "longDistance": false,
  "x": 73.53200962637938,
  "y": 66,
  "z": -205.51897588117723,
  "offsetX": 0,
  "offsetY": 0,
  "offsetZ": 0,
  "particleData": 0.15000000596046448,
  "particles": 40,
  "data": {
    "blockState": 9
  }
}