{
  "x": -41.538432701651146,
  "y": 67.35836691371237,
  "z": -2.561008205821437,
  "yaw": 0,
  "pitch": 0,
  "flags": 24,
  "teleportId": 3,
  "dismountVehicle": false
}