{
  "entityId": 222,
  "objectUUID": "5320333a-a82c-4b2f-9696-8877b2a40f46",
  "type": 34,
  "x": -48.59540796302113,
  "y": 34.94955043216727,
  "z": 106.36950442639825,
  "pitch": 0,
  "yaw": 85,
  "objectData": 0,
  "velocityX": -179,
  "velocityY": -372,
  "velocityZ": -40
}