{
  "entityId": 229,
  "objectUUID": "a7f4ce92-182c-4279-a2a2-f8ca7f3f7bd7",
  "type": 34,
  "x": -53.69349985266004,
  "y": 22.622054759263992,
  "z": 117.66300628127846,
  "pitch": 0,
  "yaw": 56,
  "objectData": 0,
  "velocityX": -125,
  "velocityY": 1254,
  "velocityZ": -543
}