{
  "entityId": 221,
  "objectUUID": "e8ec3b12-c5f7-4f25-bca2-20b89b15d44a",
  "type": 34,
  "x": -52.23932877038772,
  "y": 23.021614742479546,
  "z": 117.6788670016917,
  "pitch": 0,
  "yaw": -26,
  "objectData": 0,
  "velocityX": 297,
  "velocityY": -372,
  "velocityZ": 368
}