{
  "entityId": 230,
  "objectUUID": "cfc3fe80-eaac-449d-bfd0-8bbcd2aeebd0",
  "type": 34,
  "x": -45.22263484132044,
  "y": 29.837703619003296,
  "z": 85.30633625418355,
  "pitch": 0,
  "yaw": 106,
  "objectData": 0,
  "velocityX": 536,
  "velocityY": 1254,
  "velocityZ": -890
}