{
  "entityId": 365,
  "objectUUID": "f2349eab-47e5-4f51-aa0a-1c40fc173953",
  "type": 37,
  "x": -11.346565514802933,
  "y": 33.54555621743202,
  "z": 184.66372129321098,
  "pitch": 0,
  "yaw": -86,
  "objectData": 0,
  "velocityX": -6,
  "velocityY": 1600,
  "velocityZ": -658
}