{
  "soundId": 580,
  "soundCategory": 7,
  "x": 4,
  "y": 504,
  "z": 316,
  "volume": 0.20000000298023224,
  "pitch": 2.438237190246582,
  "seed": [
    -673089889,
    2099547342
  ]
}