{
  "soundId": 580,
  "soundCategory": 7,
  "x": 4,
  "y": 516,
  "z": 316,
  "volume": 0.20000000298023224,
  "pitch": 2.0398201942443848,
  "seed": [
    597325377,
    1160401758
  ]
}