{
  "soundId": 580,
  "soundCategory": 7,
  "x": -60,
  "y": 504,
  "z": 324,
  "volume": 0.20000000298023224,
  "pitch": 2.413121223449707,
  "seed": [
    1223923115,
    -1152863772
  ]
}