{
  "soundId": 580,
  "soundCategory": 7,
  "x": -60,
  "y": 504,
  "z": 324,
  "volume": 0.20000000298023224,
  "pitch": 2.012305498123169,
  "seed": [
    -1231438191,
    420933537
  ]
}