{
  "soundId": 580,
  "soundCategory": 7,
  "x": -1468,
  "y": 624,
  "z": -772,
  "volume": 0.20000000298023224,
  "pitch": 1.6406419277191162,
  "seed": [
    -1562264042,
    2077719675
  ]
}