{
  "soundId": 580,
  "soundCategory": 7,
  "x": -1468,
  "y": 624,
  "z": -772,
  "volume": 0.20000000298023224,
  "pitch": 1.8162509202957153,
  "seed": [
    -919934531,
    1600627393
  ]
}