{
  "soundId": 580,
  "soundCategory": 7,
  "x": -1516,
  "y": 576,
  "z": -756,
  "volume": 0.20000000298023224,
  "pitch": 1.2979488372802734,
  "seed": [
    -1821070329,
    -1922544837
  ]
}