{
  "soundId": 580,
  "soundCategory": 7,
  "x": -1516,
  "y": 576,
  "z": -756,
  "volume": 0.20000000298023224,
  "pitch": 1.9487535953521729,
  "seed": [
    -520656289,
    1864994809
  ]
}