{
  "soundId": 674,
  "soundCategory": "player",
  "x": -1348,
  "y": 640,
  "z": 300,
  "volume": 0.20000000298023224,
  "pitch": 1.6303911209106445,
  "seed": [
    1775286937,
    164752781
  ]
}