{
  "soundId": 674,
  "soundCategory": "player",
  "x": -1348,
  "y": 640,
  "z": 300,
  "volume": 0.20000000298023224,
  "pitch": 2.2116341590881348,
  "seed": [
    -2130714247,
    2113367638
  ]
}