{
  "soundId": 674,
  "soundCategory": "player",
  "x": -1212,
  "y": 616,
  "z": 236,
  "volume": 0.20000000298023224,
  "pitch": 1.0199604034423828,
  "seed": [
    -1622398299,
    1781072259
  ]
}