{
  "soundId": 343,
  "soundCategory": 7,
  "x": -444,
  "y": 528,
  "z": 1028,
  "volume": 0.20000000298023224,
  "pitch": 1.7051949501037598
}