{
  "soundId": 683,
  "soundCategory": "player",
  "x": 36,
  "y": 856,
  "z": 28,
  "volume": 0.20000000298023224,
  "pitch": 2.9446301460266113,
  "seed": [
    -927219931,
    1118926788
  ]
}