{
  "soundId": 683,
  "soundCategory": "player",
  "x": 36,
  "y": 868,
  "z": 28,
  "volume": 0.20000000298023224,
  "pitch": 1.9590039253234863,
  "seed": [
    -269098055,
    -514377056
  ]
}