{
  "entityId": 254,
  "x": -112.45904999827742,
  "y": 18,
  "z": 143.35904999678732,
  "yaw": 123,
  "pitch": 0,
  "onGround": true
}