{
  "entityId": 44,
  "x": -24.180811420722826,
  "y": 77,
  "z": 192.51886992362208,
  "yaw": -66,
  "pitch": 0,
  "onGround": true
}