{
  "entityId": 34,
  "x": 102.90683726627326,
  "y": 67.20000000298023,
  "z": 94.90683726627326,
  "yaw": 96,
  "pitch": 0,
  "onGround": false
}