{
  "entityId": 126,
  "x": -36.45904999827743,
  "y": 35,
  "z": 108.6409500032127,
  "yaw": 4,
  "pitch": 0,
  "onGround": true
}