{
  "particleId": 2,
  "longDistance": false,
  "x": -183.48943024420336,
  "y": 72,
  "z": -93.51771613621001,
  "offsetX": 0,
  "offsetY": 0,
  "offsetZ": 0,
  "particleData": 0.15000000596046448,
  "particles": 70,
  "data": {
    "blockState": 9
  }
}