{
  "particleId": 2,
  "longDistance": false,
  "x": -188.48928855907815,
  "y": 72,
  "z": -124.0831575852563,
  "offsetX": 0,
  "offsetY": 0,
  "offsetZ": 0,
  "particleData": 0.15000000596046448,
  "particles": 50,
  "data": {
    "blockState": 1597
  }
}