{
  "entityId": 212,
  "x": 65.3590499967873,
  "y": 31,
  "z": -49.35904999678731,
  "yaw": 32,
  "pitch": 0,
  "onGround": true
}