{
  "entityId": 223,
  "x": -32.45904999827743,
  "y": -23,
  "z": 12.540950001722575,
  "yaw": 96,
  "pitch": 0,
  "onGround": true
}