{
  "soundId": 363,
  "soundCategory": 7,
  "x": 332,
  "y": 496,
  "z": -1772,
  "volume": 0.20000000298023224,
  "pitch": 3.0820136070251465
}