{
  "x": 55.47353070871913,
  "y": 70.11187603874305,
  "z": 640.3702854918618,
  "yaw": 0,
  "pitch": 0,
  "flags": 0,
  "teleportId": 3,
  "dismountVehicle": false
}