{
  "soundId": 268,
  "soundCategory": 7,
  "x": -1740,
  "y": 584,
  "z": 1404,
  "volume": 0.20000000298023224,
  "pitch": 2.709536552429199
}