{
  "soundId": 224,
  "soundCategory": 6,
  "x": -1567,
  "y": 499,
  "z": 1594,
  "volume": 0.029717911034822464,
  "pitch": 1.235529899597168
}