{
  "soundId": 268,
  "soundCategory": 7,
  "x": -1644,
  "y": 552,
  "z": 1508,
  "volume": 0.20000000298023224,
  "pitch": 2.8826546669006348
}