{
  "x": 73.53200962637938,
  "y": 69.50680989634276,
  "z": -205.51897588117723,
  "yaw": 0,
  "pitch": 0,
  "flags": 0,
  "teleportId": 3,
  "dismountVehicle": false
}