{
  "entityId": 100,
  "x": -72.72073286622978,
  "y": 67.41999998688698,
  "z": -147.71862196926662,
  "yaw": -117,
  "pitch": 0,
  "onGround": false
}