{
  "entityId": 484,
  "x": 153.48650283094867,
  "y": 36,
  "z": -206.26435715971246,
  "yaw": 21,
  "pitch": 0,
  "onGround": true
}