{
  "entityId": 120,
  "objectUUID": "d581facc-0c43-450c-9f74-797232b41778",
  "type": 15,
  "x": -184.7888189609107,
  "y": 74,
  "z": -18.560329700169454,
  "pitch": 0,
  "yaw": -11,
  "headPitch": -12,
  "objectData": 0,
  "velocityX": 105,
  "velocityY": -627,
  "velocityZ": 354
}