{
  "entityId": 223,
  "x": -227.64095000321268,
  "y": -18,
  "z": -92.6409500032127,
  "yaw": 96,
  "pitch": 0,
  "onGround": true
}