{
  "x": -76.42287956929519,
  "y": 76.56781762660458,
  "z": 267.62801695580504,
  "yaw": 0,
  "pitch": 0,
  "flags": 0,
  "teleportId": 3
}