{
  "entityId": 204,
  "objectUUID": "786228c9-0f2d-49b2-a18d-e891fd6770e9",
  "type": 35,
  "x": 2.61806361347502,
  "y": 38.58974934816361,
  "z": -269.54889787408774,
  "pitch": 0,
  "yaw": -20,
  "objectData": 0,
  "velocityX": -66,
  "velocityY": 1568,
  "velocityZ": -346
}