{
  "entityId": 203,
  "objectUUID": "60580697-589a-48a8-8b9b-29d6c4bef407",
  "type": 35,
  "x": 10.461612891883965,
  "y": 34.8519672191143,
  "z": -229.33780165036976,
  "pitch": 0,
  "yaw": -48,
  "objectData": 0,
  "velocityX": 367,
  "velocityY": 1254,
  "velocityZ": -327
}