{
  "entityId": 176,
  "x": 78.54095000172258,
  "y": 47,
  "z": 682.6409500032127,
  "yaw": 4,
  "pitch": 0,
  "onGround": true
}