{
  "x": -183.48943024420336,
  "y": 79.46149716571468,
  "z": -93.51771613621001,
  "yaw": 0,
  "pitch": 0,
  "flags": 0,
  "teleportId": 3,
  "dismountVehicle": false
}