{
  "entityId": 1966,
  "x": -195.51646194842326,
  "y": 50,
  "z": 207.51646194842326,
  "yaw": 32,
  "pitch": 0,
  "onGround": true
}