{
  "x": 97.35905588047775,
  "y": 65.42638585076034,
  "z": 154.99580667026197,
  "yaw": 0,
  "pitch": 0,
  "flags": 0
}