{
  "x": -55.40576022380294,
  "y": 66.30212249417191,
  "z": 142.8603101269722,
  "yaw": 0,
  "pitch": 0,
  "flags": 0,
  "teleportId": 3
}